# Tatoeba English short-word priors; generated by generate_short_word_ngrams.py
# previous<TAB>next<TAB>weight or prior<TAB>previous<TAB>next<TAB>weight
a	bad	12
a	big	12
a	bit	12
a	boy	11
a	bus	11
a	car	12
a	cat	12
a	cup	11
a	day	12
a	dog	12
a	few	13
a	gun	11
a	job	12
a	kid	11
a	lie	11
a	lot	14
a	man	12
a	new	13
a	red	11
a	way	11
ability	to	14
able	to	15
about	her	12
about	him	12
about	his	12
about	how	11
about	it	13
about	me	11
about	my	11
about	the	13
about	to	12
about	you	12
absence	of	11
absorbed	in	12
acceptable	to	11
access	to	13
accompanied	by	11
according	to	14
accused	of	12
accustomed	to	14
across	the	14
adapt	to	12
adapted	to	11
addicted	to	13
addition	to	12
admired	the	11
advantage	of	13
advise	you	12
advised	him	12
affected	by	12
afford	to	13
afraid	of	14
afraid	to	12
after	all	11
after	the	12
against	the	13
agree	to	12
agreed	to	13
ahead	of	12
aimed	at	11
alerted	the	12
algeria	has	12
algeria	is	13
algiers	is	12
all	day	12
all	his	12
all	my	12
all	of	13
all	the	14
all	we	11
all	you	11
allergic	to	13
allowed	to	14
alone	in	12
along	the	12
always	be	11
am	not	12
amazes	me	12
america	is	11
americans	are	11
among	the	12
amount	of	14
amounts	of	12
an	end	11
an	eye	11
an	old	12
and	get	11
and	he	12
and	his	12
and	it	11
and	my	11
and	not	11
and	see	11
and	she	11
and	the	13
and	to	11
and	we	11
and	you	11
annoy	me	11
annoys	me	12
any	of	12
anything	to	12
anything	you	11
apologize	for	12
apologize	to	11
apologized	for	11
apologized	to	11
appeal	to	11
appear	to	11
appears	to	12
applied	for	11
approached	the	12
approve	of	12
apt	to	13
are	all	12
are	in	12
are	my	11
are	no	11
are	not	12
are	on	11
are	so	11
are	the	12
are	too	11
are	we	12
are	you	14
aren't	you	14
around	the	13
arrival	of	11
arrived	at	12
as	an	11
as	he	12
as	if	12
as	it	12
as	she	11
as	the	12
as	to	11
as	we	11
as	you	12
ashamed	of	13
ask	for	12
ask	her	11
ask	him	11
ask	me	12
ask	you	12
asked	for	12
asked	her	11
asked	him	12
asked	me	12
asked	the	11
asked	to	11
aspect	of	12
aspects	of	12
assigned	to	11
assure	you	12
at	all	13
at	any	11
at	her	12
at	him	12
at	his	12
at	it	11
at	me	12
at	my	12
at	six	11
at	the	14
at	you	11
ate	the	11
attached	to	12
attacked	by	11
attempt	to	12
attempted	to	13
attempting	to	12
attend	the	12
attended	the	12
attending	the	11
attention	to	13
attracted	to	13
australia	is	12
aware	of	14
back	in	12
back	of	11
back	on	11
back	to	13
bad	for	11
banging	on	11
based	on	13
basis	of	11
be	an	11
be	at	11
be	in	12
be	my	11
be	on	11
be	so	12
be	the	12
be	too	11
because	he	12
because	it	12
because	of	13
because	she	11
because	the	11
been	in	11
been	to	11
before	he	11
before	it	11
before	the	12
before	we	11
before	you	12
beg	you	10
began	to	14
begging	for	11
beginning	to	13
begun	to	12
behalf	of	13
behind	him	11
behind	the	13
believe	in	12
believe	it	11
believe	you	11
belong	to	14
belonged	to	13
belongs	to	14
beneath	the	11
berber	is	12
best	to	12
better	not	11
better	to	12
between	the	12
beware	of	12
billions	of	12
birth	to	11
bit	of	12
bitten	by	13
blocking	the	11
bloom	in	11
boarded	the	12
book	is	12
boston	is	12
both	of	12
bothering	you	11
bothers	me	12
bottle	of	13
bottles	of	11
bottom	of	13
bound	to	12
bouquet	of	11
bowl	of	11
brand	new	12
bring	me	11
brink	of	12
broke	the	12
brother	is	12
bullseye	in	11
bunch	of	14
but	he	12
but	it	12
but	not	12
but	she	11
but	the	12
but	to	11
but	we	11
but	you	12
buy	it	11
by	bus	11
by	her	11
by	his	12
by	my	11
by	the	13
call	me	12
call	the	12
call	you	11
called	the	12
came	in	11
came	out	12
came	to	13
came	up	11
can	be	13
can	do	13
can	get	12
can	go	11
can	see	12
can	we	12
can	you	14
can't	be	12
can't	do	12
can't	get	11
can't	go	11
can't	see	11
can't	you	11
cancel	the	11
cannot	be	12
capable	of	14
car	is	12
car	was	11
care	of	14
cared	for	11
careful	not	12
cat	is	12
catch	the	12
cause	of	12
center	of	13
centre	of	11
chance	to	13
chances	of	11
change	the	12
charge	of	12
cheat	on	11
cheated	on	12
cheating	on	12
checked	the	12
children	are	12
children	to	11
china	is	11
choice	but	12
christmas	is	12
civil	war	11
clean	the	12
clean	up	11
cleaned	the	12
click	on	11
close	the	12
close	to	13
closed	the	12
closer	to	12
collection	of	12
combination	of	11
come	and	11
come	in	12
come	on	11
come	out	11
come	to	13
come	up	11
comes	to	12
coming	to	12
comment	on	11
compared	to	12
compelled	to	12
composed	of	12
concentrate	on	12
concept	of	11
confessed	to	11
confidence	in	12
congratulate	you	11
congratulations	on	11
connected	to	11
conscious	of	11
consequences	of	11
consist	of	12
consists	of	13
contacted	the	11
continue	to	12
continued	to	13
continues	to	12
contrary	to	12
contribute	to	12
controlled	by	11
convenient	for	11
convicted	of	12
copies	of	12
copy	of	11
corner	of	12
could	be	12
could	do	12
could	get	11
could	not	12
could	see	11
could	you	13
couldn't	do	11
count	on	12
counting	on	12
couple	of	13
courage	to	12
covered	in	12
cross	the	12
crossed	the	12
crossing	the	13
crush	on	13
cup	of	14
cups	of	12
cure	for	11
curled	up	11
cut	the	12
dare	you	12
dared	to	11
day	of	11
decided	to	15
decorated	the	12
dedicated	to	11
deleted	the	11
delighted	to	11
democracy	is	11
depend	on	13
dependent	on	13
depending	on	13
depends	on	13
depth	of	11
described	the	11
designed	to	11
desire	to	12
determined	to	13
development	of	11
devoid	of	13
devoted	to	11
did	he	12
did	it	12
did	not	13
did	she	12
did	the	12
did	you	15
didn't	do	12
didn't	get	12
didn't	go	11
didn't	say	11
didn't	see	12
didn't	you	12
died	in	12
difficult	for	11
difficult	to	13
dispose	of	13
do	is	11
do	it	13
do	not	13
do	the	12
do	to	11
do	we	12
do	you	15
does	he	12
does	it	12
does	not	13
does	she	11
does	the	12
dog	is	12
dog	was	11
doing	it	11
don't	be	12
don't	do	11
don't	eat	11
don't	get	12
don't	go	11
don't	let	12
don't	see	11
don't	we	12
don't	you	13
done	it	11
doomed	to	12
door	and	11
door	to	11
door	was	11
down	and	11
down	on	12
down	the	13
down	to	12
dozed	off	12
dozens	of	13
dreamed	of	12
drowned	in	12
due	to	14
during	the	14
eager	to	13
easier	to	12
easy	for	11
easy	to	14
eat	the	11
edge	of	13
effect	on	11
effects	of	12
effort	to	12
elephants	are	11
else	to	12
end	of	13
end	up	11
ended	up	13
engage	in	13
engaged	in	12
english	is	12
enjoy	the	11
enjoyed	the	12
enough	for	11
enough	to	13
enter	the	12
entered	the	14
entering	the	11
entitled	to	13
equal	to	11
esperanto	is	12
essence	of	12
even	if	12
even	the	11
every	day	13
everyone	has	11
everyone	is	12
everyone	was	11
everything	in	11
everything	is	12
everything	was	11
everything	you	11
examined	the	11
example	of	11
examples	of	11
excuse	me	13
existence	of	11
exited	the	12
expected	to	12
expense	of	11
explore	the	11
explored	the	12
exploring	the	11
exposed	to	11
fadil	was	12
fail	to	11
failed	to	12
fails	to	11
faith	in	12
faithful	to	11
fan	of	12
fascinated	by	12
fast	as	12
father	is	12
father	was	11
favor	of	12
fed	up	12
fell	in	11
fig	jam	11
figs	are	11
figure	out	13
find	her	11
find	him	11
find	it	12
find	out	12
find	the	12
finish	the	11
fix	the	12
fixed	the	12
fixing	the	11
floating	in	11
flock	of	11
flow	of	11
flush	the	11
focus	on	13
focused	on	13
focusing	on	12
fold	the	11
follow	the	12
fond	of	13
food	is	11
for	all	11
for	an	12
for	her	12
for	him	12
for	his	12
for	it	12
for	its	11
for	me	13
for	my	12
for	our	11
for	the	14
for	two	11
for	us	12
for	you	13
forbidden	to	11
forced	to	13
forget	to	13
forgot	to	13
form	of	12
forms	of	11
forward	to	14
found	it	11
found	out	11
found	the	12
foundation	of	12
france	is	11
freaked	out	13
freaking	out	12
free	to	11
french	is	12
friend	of	11
friendship	is	11
from	her	12
from	him	12
from	his	12
from	me	11
from	my	12
from	the	14
from	you	11
front	of	14
frying	pan	11
fucked	up	11
full	of	14
fun	of	12
gave	her	11
gave	him	12
gave	me	12
gave	the	11
gave	up	11
germany	is	11
get	her	11
get	his	11
get	in	12
get	it	11
get	me	11
get	my	11
get	off	11
get	on	11
get	out	12
get	rid	11
get	the	12
get	to	12
get	up	12
get	you	11
give	him	11
give	it	12
give	me	13
give	up	12
give	us	11
give	you	12
glad	to	12
glad	you	12
glanced	at	11
glass	of	13
glimpse	of	12
go	and	12
go	by	11
go	for	11
go	get	11
go	in	11
go	on	12
go	out	12
go	to	14
goal	is	11
goes	to	12
going	on	12
going	out	11
going	to	15
good	at	12
good	for	12
good	to	12
goodbye	to	12
got	his	11
got	in	11
got	out	11
got	the	12
got	to	13
got	up	11
grain	of	11
grateful	for	12
grew	up	13
group	of	12
guilty	of	11
guinea	pig	11
habit	of	13
had	an	12
had	his	11
had	no	12
had	the	12
had	to	13
hair	is	11
half	an	11
halloween	is	12
handful	of	13
handwriting	is	12
hang	out	12
hanging	out	12
happen	to	12
happened	to	13
happy	to	12
hard	for	11
hard	to	14
harmful	to	11
has	an	12
has	got	11
has	no	12
has	not	11
has	the	12
has	to	12
have	an	12
have	any	13
have	fun	11
have	it	11
have	my	11
have	no	12
have	not	11
have	one	11
have	the	12
have	to	14
have	two	11
have	you	14
haven't	yet	11
haven't	you	11
he	can	12
he	did	12
he	got	12
he	had	13
he	has	13
he	is	14
he	may	11
he	put	12
he	ran	11
he	sat	11
he	saw	12
he	was	14
he	who	11
he'll	be	12
he's	an	11
he's	got	11
he's	in	11
he's	not	12
he's	the	11
hear	the	12
heard	the	12
height	of	11
hello	to	11
help	her	12
help	him	12
help	me	13
help	us	12
help	you	13
her	car	11
her	for	11
her	in	11
her	own	11
her	son	11
her	to	12
here	and	11
here	are	11
here	for	12
here	in	11
here	is	12
here	to	12
hesitant	to	12
hesitate	to	13
hi	to	11
him	and	11
him	at	11
him	for	12
him	in	12
him	on	11
him	the	11
him	to	13
him	up	11
himself	in	11
himself	to	11
his	car	12
his	dog	12
his	job	11
his	mom	11
his	new	11
his	own	12
his	son	11
his	way	12
hit	the	12
hobby	is	12
hole	in	12
holes	in	11
home	by	11
honesty	is	11
hope	to	11
hope	you	12
house	is	13
house	was	12
how	are	12
how	can	12
how	did	12
how	do	12
how	far	11
how	is	11
how	it	11
how	old	11
how	to	13
how	was	11
how	you	12
humans	are	12
hundreds	of	14
hurried	to	11
hurry	up	12
i	am	13
i	ate	11
i	can	13
i	did	12
i	do	12
i	get	11
i	go	11
i	got	12
i	had	13
i	may	11
i	met	11
i	put	11
i	ran	11
i	saw	12
i	see	12
i	was	14
i'd	be	11
i'll	be	12
i'll	do	11
i'll	get	11
i'll	go	11
i'll	try	11
i'm	in	11
i'm	not	14
i'm	so	11
i'm	the	12
i'm	too	11
i've	got	13
i've	had	11
if	he	12
if	it	12
if	she	11
if	the	12
if	we	12
if	you	15
ignorant	of	11
impact	on	11
importance	of	12
important	to	13
impossible	to	13
impressed	by	11
in	all	11
in	an	12
in	any	11
in	bed	11
in	her	12
in	his	13
in	it	11
in	its	11
in	law	11
in	my	13
in	one	11
in	our	12
in	the	15
in	two	11
incapable	of	13
inclined	to	12
included	in	11
india	is	11
indifferent	to	12
inside	the	13
insist	on	11
insisted	on	12
inspected	the	12
instead	of	14
intend	to	14
intended	to	13
intends	to	13
intention	of	12
interest	in	12
interested	in	15
into	his	12
into	my	11
into	the	14
invest	in	11
investigate	the	11
investigating	the	11
involved	in	13
is	all	11
is	an	13
is	as	11
is	at	11
is	bad	11
is	for	11
is	he	12
is	his	11
is	in	12
is	it	13
is	my	13
is	no	12
is	not	13
is	now	11
is	on	12
is	one	12
is	our	11
is	out	11
is	she	11
is	so	12
is	the	14
is	to	12
is	too	12
islam	is	12
isn't	as	11
isn't	he	13
isn't	it	12
isn't	she	13
isn't	the	11
it	all	12
it	at	11
it	be	11
it	by	11
it	can	11
it	for	12
it	has	12
it	if	11
it	in	12
it	is	14
it	may	11
it	now	11
it	on	11
it	out	12
it	to	12
it	up	11
it	was	14
it'd	be	13
it'll	be	13
it's	all	11
it's	an	11
it's	my	11
it's	not	13
it's	the	12
it's	too	12
its	own	11
jail	for	11
japan	is	12
jealous	of	12
job	is	11
joined	the	12
just	as	11
just	got	11
kabylie	is	12
karl	was	12
keen	on	11
keep	it	11
keep	the	12
key	to	12
kilo	of	12
kind	of	15
kinds	of	14
knees	and	11
knew	you	11
knock	on	11
knocking	on	11
know	her	11
know	how	13
know	if	12
know	it	11
know	the	12
know	who	12
know	why	12
know	you	12
knows	how	12
lack	of	13
lacking	in	11
landed	on	11
language	is	12
late	for	12
late	to	11
laugh	at	12
laughed	at	12
laughing	at	11
layer	of	12
layla	is	11
layla	was	13
lead	to	12
leader	of	11
leads	to	13
learn	how	12
learn	to	12
leave	me	11
leave	the	12
left	his	11
left	in	11
left	the	13
left	to	11
lend	me	12
length	of	11
lent	me	11
let	her	11
let	him	12
let	me	14
let	the	12
let	us	12
let	you	12
let's	get	12
let's	go	12
let's	not	12
let's	see	11
level	of	11
lie	to	12
lied	to	13
life	in	11
life	is	13
like	an	11
like	he	11
like	her	12
like	him	11
like	his	11
like	it	12
like	me	12
like	my	11
like	the	12
like	to	14
like	you	12
likely	to	13
likes	to	12
lined	up	11
list	of	12
listen	to	14
listened	to	13
listening	to	14
listens	to	13
liters	of	12
little	bit	12
live	in	13
live	on	11
lived	in	13
lives	in	13
living	in	12
loaf	of	12
lock	the	12
long	as	12
longing	for	11
look	at	13
look	for	11
looked	at	12
looking	at	12
looking	for	14
loss	of	11
lost	her	11
lost	his	12
lost	my	11
lost	the	11
lot	of	15
lot	to	11
lots	of	14
love	is	11
love	me	11
love	the	11
love	to	12
love	you	11
mad	at	12
made	her	11
made	him	11
made	it	12
made	me	12
made	of	12
made	the	12
made	up	11
majored	in	13
majority	of	12
make	any	11
make	it	12
make	me	12
make	the	12
make	up	11
make	you	12
makes	me	12
makes	you	12
man	is	12
man	of	11
man	was	11
man	who	11
manage	to	12
managed	to	14
many	of	11
mars	is	11
matter	how	11
matter	of	11
may	be	12
may	not	12
maybe	we	12
maybe	you	12
me	and	11
me	at	11
me	do	11
me	for	12
me	he	12
me	how	12
me	if	11
me	in	12
me	of	11
me	on	11
me	out	11
me	she	12
me	the	12
me	to	13
me	up	11
me	why	11
me	you	11
mean	to	12
meaning	of	13
meant	to	12
meet	him	11
meet	you	12
member	of	13
members	of	12
memories	of	11
men	are	12
mennad	has	11
mennad	is	12
mennad	was	12
messed	up	13
met	him	11
middle	of	14
midst	of	12
might	be	13
might	not	11
millions	of	13
mindful	of	13
missed	the	12
mixture	of	12
money	for	11
money	in	11
money	on	11
money	to	12
more	and	11
more	to	11
most	of	12
mother	is	12
mow	the	12
much	as	11
much	do	11
much	for	11
much	is	11
much	of	11
much	to	11
must	be	13
must	not	11
my	car	12
my	cat	11
my	dad	11
my	dog	11
my	job	11
my	mom	11
my	new	11
my	own	12
my	son	12
my	way	11
name	of	12
near	the	13
necessary	to	12
need	for	11
need	to	15
need	you	11
needed	to	13
needs	to	15
nerve	to	11
never	be	11
never	do	11
never	had	11
new	car	11
next	to	12
nice	to	12
no	one	14
no	way	11
none	of	14
not	all	11
not	an	11
not	as	11
not	at	11
not	be	12
not	do	11
not	for	11
not	go	11
not	in	12
not	my	11
not	so	11
not	the	12
not	to	13
not	too	11
not	yet	11
nothing	but	12
nothing	is	11
nothing	to	12
nowhere	to	12
number	of	13
obey	the	11
objected	to	12
obligated	to	13
obligation	to	12
obliged	to	13
occurred	to	12
of	all	12
of	an	12
of	fun	11
of	her	12
of	him	12
of	his	13
of	it	12
of	its	11
of	me	12
of	my	13
of	our	12
of	tea	11
of	the	15
of	us	12
of	you	12
off	at	11
off	his	12
off	my	11
off	the	13
often	do	12
old	man	12
olive	oil	12
on	an	11
on	her	12
on	him	11
on	his	13
on	it	11
on	its	11
on	me	12
on	my	13
on	our	11
on	the	15
on	to	11
on	you	11
one	can	11
one	day	11
one	has	11
one	in	11
one	is	12
one	of	13
one	to	11
one	was	11
one	who	13
only	one	13
onto	the	13
open	the	13
opened	the	13
opportunity	to	12
opposed	to	12
or	not	12
or	the	11
order	to	13
origin	of	11
ought	to	14
our	own	11
out	and	11
out	for	12
out	his	11
out	in	12
out	of	15
out	on	11
out	the	12
out	to	12
outside	the	12
over	and	11
over	his	11
over	the	13
over	to	11
owing	to	12
owner	of	12
paid	for	11
pair	of	14
pairs	of	13
pardon	me	11
parents	are	12
parking	lot	13
part	in	11
part	of	14
participate	in	13
participated	in	13
participating	in	12
parts	of	12
pass	the	12
passed	the	12
passion	for	11
pay	for	12
pay	the	11
peel	the	11
people	are	12
people	do	11
people	in	11
people	to	11
people	who	12
percent	of	12
percentage	of	12
period	of	11
permission	to	13
permitted	to	12
person	who	12
persuade	him	11
pick	up	12
picked	up	12
picture	of	12
piece	of	14
pieces	of	12
pile	of	13
pissed	off	12
place	is	11
place	to	12
plan	on	11
plan	to	13
planning	on	12
planning	to	13
play	the	12
playing	the	11
please	let	11
plenty	of	14
plugged	in	12
point	of	12
portion	of	12
possibility	of	11
possible	to	12
postpone	the	11
prefer	to	12
prefers	to	11
prepare	for	12
prepared	for	12
preparing	for	12
presence	of	11
pretended	to	12
pretending	to	12
problem	is	12
process	of	11
promised	to	12
prone	to	12
proud	of	14
punished	for	11
purpose	of	12
pursuit	of	12
put	his	11
put	it	12
put	on	12
put	the	13
put	up	11
ran	out	12
ran	to	11
range	of	12
reached	the	12
read	the	13
ready	for	12
ready	to	14
reason	to	12
refer	to	12
referred	to	12
referring	to	12
refers	to	13
reflect	on	11
reflection	of	11
refuse	to	13
refused	to	14
refuses	to	13
regard	to	11
regarded	as	11
regardless	of	13
regards	to	12
related	to	13
relied	on	12
relies	on	12
reluctant	to	13
rely	on	13
remember	the	11
remember	to	12
remind	me	12
reminded	me	11
reminds	me	13
remove	the	12
replace	the	11
reply	to	11
required	to	11
resist	the	11
resort	to	11
respond	to	13
responsibility	for	12
responsible	for	14
rest	of	13
result	of	12
resulted	in	12
returned	to	12
rid	of	14
right	now	13
right	to	12
rima	is	11
rima	was	12
risk	of	12
role	in	12
room	for	11
room	is	12
room	was	11
root	of	11
rubbed	his	11
rude	to	11
run	out	11
russia	is	11
safe	to	12
said	he	13
said	it	11
said	she	12
said	the	11
said	to	11
said	you	11
sake	of	12
sami	did	11
sami	got	12
sami	had	12
sami	has	12
sami	is	13
sami	was	14
sat	on	12
saw	her	11
saw	him	11
saw	the	12
saw	you	11
say	it	11
says	he	12
says	she	12
scar	on	12
scared	of	12
scares	me	11
scent	of	12
screwed	up	11
searching	for	13
section	of	11
see	her	12
see	him	12
see	how	11
see	if	11
see	it	11
see	me	12
see	my	11
see	the	13
see	you	13
seem	to	14
seemed	to	13
seems	to	13
seen	the	11
sense	of	13
sensitive	to	11
sentenced	to	13
series	of	12
set	up	12
shade	of	11
shadow	of	11
shall	we	13
she	can	12
she	did	12
she	got	12
she	had	12
she	has	13
she	is	13
she	put	11
she	saw	11
she	was	14
she's	in	11
she's	not	11
sheet	of	11
shortage	of	12
should	be	13
should	do	12
should	get	11
should	go	12
should	not	11
should	try	11
should	we	12
shouldn't	be	12
show	me	12
show	you	12
shut	the	12
shut	up	12
side	of	13
sigh	of	12
sight	of	13
signs	of	12
similar	to	12
sip	of	12
sister	is	11
sitting	in	12
sitting	on	12
size	of	12
skirt	is	11
slammed	the	12
slice	of	12
slices	of	12
smashed	the	11
smiled	at	11
snuck	out	11
so	far	11
so	he	11
so	we	11
so	you	11
solution	to	12
solve	the	12
solved	the	11
some	of	12
someone	to	11
someone	who	11
something	in	11
something	to	12
something	you	11
son	is	11
soon	as	13
sooner	or	13
sorry	for	12
sort	of	14
sorts	of	13
sound	of	12
source	of	13
sources	of	11
spa	has	11
speak	to	12
species	of	12
spend	the	11
spent	the	12
spite	of	13
spoken	to	12
spying	on	12
stare	at	12
stared	at	13
staring	at	13
started	to	13
starting	to	13
stay	at	11
stay	in	11
still	in	11
still	not	11
stormed	out	12
stressed	out	11
strive	to	11
structure	of	11
struggle	to	11
struggled	to	12
struggling	to	12
stuck	in	12
stung	by	12
subscribe	to	12
succeed	in	11
succeeded	in	12
such	as	11
suggest	you	12
suitable	for	12
suits	you	11
sum	of	12
superior	to	12
supposed	to	15
sure	to	11
sure	you	12
surface	of	11
surrounded	by	14
survived	the	12
sweep	the	11
symbol	of	12
take	it	12
take	me	11
take	my	11
take	off	11
take	the	12
take	to	11
take	you	12
talent	for	11
talk	to	14
talked	to	12
talking	to	13
tasted	the	11
tatoeba	is	12
tell	her	12
tell	him	12
tell	me	14
tell	the	12
tell	us	12
tell	you	12
telling	me	12
tempted	to	13
tend	to	14
tendency	to	12
tends	to	13
terms	of	11
terrified	of	12
than	he	11
than	me	12
than	the	12
than	to	11
than	we	11
than	you	12
thank	you	15
thankful	for	12
thanks	for	14
that	all	11
that	are	11
that	as	11
that	by	12
that	can	11
that	day	11
that	for	12
that	guy	11
that	has	11
that	he	13
that	his	11
that	if	11
that	in	12
that	is	12
that	it	12
that	man	11
that	my	11
that	now	11
that	on	11
that	one	12
that	she	13
that	the	13
that	to	12
that	too	11
that	was	13
that	way	12
that	we	13
that	you	13
that's	all	11
that's	my	11
that's	not	13
that's	the	12
the	air	12
the	bag	11
the	bar	11
the	bed	12
the	big	11
the	box	12
the	boy	12
the	bus	12
the	car	12
the	cat	12
the	day	12
the	dog	12
the	end	12
the	ice	11
the	ivy	11
the	job	12
the	key	11
the	law	11
the	man	12
the	new	12
the	old	12
the	one	12
the	red	11
the	sea	12
the	sky	12
the	sun	12
the	top	12
the	two	12
the	war	11
the	way	13
the	zoo	11
their	own	12
them	in	11
them	to	12
there	any	12
there	are	14
there	by	11
there	for	11
there	in	11
there	is	13
there	was	13
there'll	be	13
there's	no	13
these	are	12
they	all	11
they	are	13
they	can	12
they	did	12
they	do	11
they	got	11
they	had	12
they	put	11
they	say	12
they're	not	12
thing	to	12
things	are	12
things	to	12
think	he	11
think	it	12
think	of	12
think	the	11
think	we	12
think	you	13
thinking	of	12
this	car	11
this	for	11
this	has	11
this	in	11
this	is	14
this	job	11
this	one	12
this	to	12
this	was	12
this	way	11
those	who	12
thought	he	11
thought	it	12
thought	of	11
thought	you	13
thousands	of	14
threat	to	12
threatened	to	11
three	of	11
through	the	14
throughout	the	13
tidy	up	11
time	and	11
time	do	11
time	for	12
time	in	11
time	is	11
time	of	11
time	to	13
time	we	11
time	you	12
tip	of	11
tired	of	13
title	of	11
to	all	11
to	an	11
to	ask	12
to	be	14
to	bed	12
to	buy	13
to	cry	11
to	cut	11
to	die	12
to	do	14
to	eat	13
to	end	11
to	fix	12
to	get	13
to	go	14
to	her	13
to	him	13
to	his	13
to	it	12
to	let	12
to	me	13
to	my	12
to	one	11
to	our	12
to	pay	12
to	put	12
to	run	11
to	say	13
to	see	13
to	set	11
to	sit	11
to	the	14
to	try	12
to	us	12
to	use	12
to	win	12
to	you	13
today	is	12
told	her	12
told	him	12
told	me	15
told	the	11
told	us	11
told	you	12
ton	of	13
tons	of	13
too	far	11
took	his	11
took	me	11
took	off	11
took	the	12
top	of	13
toward	the	12
towards	the	13
track	of	11
transferred	to	11
translation	is	11
trapped	in	12
tried	to	15
tries	to	13
trunk	of	11
try	it	11
try	to	14
trying	to	15
turn	off	12
turn	the	11
turned	off	11
turned	out	12
turned	the	11
two	of	11
type	of	14
types	of	13
unable	to	14
unaware	of	12
under	the	13
underneath	the	11
understand	the	12
unless	you	12
unlikely	to	11
unlock	the	12
unlocked	the	11
until	the	12
unwilling	to	13
up	all	11
up	and	12
up	at	12
up	for	12
up	his	12
up	in	12
up	my	11
up	on	12
up	the	13
up	to	13
ups	and	11
urge	to	12
us	all	11
us	to	13
use	of	11
use	the	12
used	to	15
vain	to	11
valid	for	11
variety	of	13
verge	of	13
version	of	12
victim	of	11
victims	of	11
volume	of	11
volunteered	to	12
vote	for	12
voted	for	11
wait	for	13
waited	for	13
waiting	for	14
wake	up	13
wakes	up	12
waking	up	12
walk	to	11
want	it	11
want	me	12
want	to	15
want	you	12
wanted	to	15
wanting	to	13
wants	to	15
warmth	of	11
was	all	11
was	an	12
was	at	12
was	in	13
was	it	11
was	my	11
was	no	12
was	not	12
was	on	12
was	out	11
was	so	12
was	the	13
was	to	11
was	too	12
wash	the	12
washes	his	11
waste	of	12
watch	the	11
watched	the	12
water	in	11
water	is	12
watered	the	11
way	of	12
way	out	11
way	to	13
way	too	11
way	you	11
ways	to	12
we	all	12
we	are	13
we	can	13
we	did	12
we	do	12
we	get	12
we	go	12
we	got	12
we	had	12
we	may	11
we	saw	11
we'll	be	12
we're	all	11
we're	not	12
we've	got	12
weather	is	12
welcome	to	13
well	as	12
went	on	12
went	out	12
went	to	14
were	all	11
were	in	11
were	not	11
were	the	11
were	you	12
what	are	13
what	can	11
what	did	12
what	do	13
what	he	13
what	is	13
what	it	12
what	she	12
what	the	12
what	to	12
what	was	12
what	we	12
what	you	13
what're	you	13
what's	the	13
what've	you	12
whatever	you	12
when	are	11
when	did	12
when	do	11
when	he	13
when	it	12
when	she	12
when	the	12
when	was	12
when	we	12
when	you	13
when's	the	11
whenever	you	12
where	are	12
where	did	13
where	do	12
where	he	12
where	is	12
where	it	11
where	the	12
where	to	11
where	we	11
where	you	12
where's	the	13
wherever	you	12
which	is	12
which	one	11
who	are	12
who	can	11
who	did	12
who	do	11
who	has	11
who	is	12
who	was	12
who's	the	11
why	are	13
why	did	12
why	do	13
why	he	11
why	is	12
why	you	12
wife	is	11
will	be	14
will	do	11
will	get	11
will	go	11
will	it	11
will	not	12
will	the	11
will	we	11
will	you	13
willing	to	15
winning	the	11
wish	to	12
wish	you	12
with	all	11
with	an	11
with	her	13
with	him	13
with	his	13
with	it	12
with	me	13
with	my	12
with	the	13
with	us	12
with	you	13
without	you	11
woke	up	14
woken	up	12
woman	is	11
women	are	11
won	the	12
won't	be	13
won't	do	11
won't	let	11
won't	you	11
wonder	if	12
wondering	if	11
work	at	11
work	for	12
work	in	11
work	is	11
work	on	11
work	out	11
work	to	11
working	on	12
world	is	12
worn	out	12
worthy	of	13
would	be	13
would	do	11
would	not	11
would	you	14
wouldn't	be	12
wouldn't	do	11
yanni	got	11
yanni	had	11
yanni	has	12
yanni	is	13
yanni	was	13
year	old	11
years	ago	12
years	old	13
yell	at	12
yelled	at	12
yelling	at	11
you	all	12
you	an	11
you	and	11
you	are	13
you	ask	11
you	at	11
you	be	12
you	buy	12
you	can	13
you	did	12
you	do	13
you	eat	12
you	for	12
you	get	13
you	go	12
you	got	12
you	had	12
you	how	11
you	if	11
you	in	12
you	may	12
you	my	11
you	not	12
you	on	11
you	put	11
you	saw	11
you	say	12
you	see	12
you	so	12
you	the	12
you	to	13
you	try	11
you	two	11
you	up	11
you	use	11
you'd	be	12
you'll	be	12
you'll	get	11
you're	in	11
you're	not	13
you're	so	11
you're	the	12
you've	got	13
young	man	11
your	car	11
your	dog	11
your	job	11
your	new	11
your	own	12
your	way	11
ziri	got	12
ziri	had	12
ziri	has	12
ziri	is	13
ziri	saw	11
ziri	was	13
a	bag	of	12
a	bit	of	12
a	bottle	of	13
a	box	of	12
a	bunch	of	14
a	chance	to	12
a	change	of	12
a	collection	of	13
a	copy	of	12
a	couple	of	14
a	crush	on	13
a	cup	of	14
a	fan	of	13
a	form	of	13
a	friend	of	12
a	gift	for	11
a	glass	of	14
a	group	of	13
a	habit	of	12
a	handful	of	13
a	hole	in	13
a	hurry	to	11
a	kilo	of	12
a	kind	of	12
a	lack	of	13
a	letter	to	11
a	list	of	13
a	little	bit	12
a	look	at	13
a	lot	of	15
a	man	of	11
a	matter	of	14
a	member	of	13
a	mixture	of	13
a	number	of	13
a	pack	of	12
a	pain	in	12
a	pair	of	14
a	part	of	12
a	photo	of	12
a	picture	of	13
a	piece	of	14
a	pile	of	13
a	place	to	12
a	rainy	day	12
a	result	of	12
a	right	to	12
a	sense	of	13
a	series	of	13
a	set	of	12
a	sheet	of	12
a	sigh	of	12
a	sign	of	12
a	sip	of	12
a	slice	of	13
a	solution	to	11
a	source	of	13
a	state	of	12
a	symbol	of	13
a	tendency	to	12
a	ton	of	13
a	type	of	13
a	variety	of	13
a	waste	of	14
a	way	to	13
able	to	do	13
according	to	the	12
accused	me	of	12
adriano	wishes	he	12
advise	you	to	12
advised	him	to	13
agree	with	you	11
algeria	needs	to	14
algeria	wants	to	13
all	going	to	12
all	kinds	of	13
all	of	the	11
all	of	us	12
all	over	the	13
all	sorts	of	13
all	three	of	12
allow	him	to	12
allow	me	to	13
allow	us	to	12
allow	you	to	13
allowed	to	do	12
almost	every	day	13
almost	impossible	to	12
alone	in	the	12
always	easy	to	12
always	try	to	12
always	wanted	to	13
am	going	to	14
am	looking	for	12
an	act	of	12
an	effort	to	12
an	end	to	12
an	example	of	12
an	eye	on	12
an	opportunity	to	12
and	began	to	12
and	left	the	12
and	listen	to	12
and	out	of	12
and	tell	me	12
and	tired	of	13
and	tried	to	12
and	went	to	11
another	cup	of	13
another	glass	of	13
any	attention	to	13
any	kind	of	13
anything	at	all	12
anything	out	of	12
appear	to	be	12
appeared	to	be	12
appears	to	be	12
appreciate	it	if	13
are	a	lot	12
are	able	to	13
are	afraid	of	13
are	apt	to	12
are	capable	of	13
are	easy	to	12
are	full	of	13
are	going	to	14
are	hard	to	12
are	in	the	12
are	likely	to	12
are	looking	for	12
are	lots	of	13
are	on	the	12
are	out	of	12
are	people	who	12
are	plenty	of	12
are	starting	to	12
are	supposed	to	13
are	there	any	12
are	there	in	11
are	trying	to	13
are	unable	to	13
are	waiting	for	12
aren't	allowed	to	12
aren't	going	to	13
aren't	supposed	to	13
argued	with	the	12
around	in	the	11
arrived	at	the	13
as	bad	as	13
as	beautiful	as	13
as	big	as	12
as	busy	as	13
as	early	as	12
as	easy	as	13
as	far	as	13
as	fast	as	14
as	good	as	13
as	hard	as	13
as	if	he	11
as	it	is	11
as	large	as	12
as	long	as	14
as	much	as	13
as	not	to	13
as	often	as	13
as	old	as	13
as	quickly	as	13
as	simple	as	12
as	smart	as	13
as	soon	as	15
as	strong	as	13
as	tall	as	13
as	well	as	13
as	you	can	11
as	young	as	12
asked	her	to	12
asked	him	to	12
asked	me	to	13
asked	not	to	12
asked	us	to	12
asked	you	to	11
asking	you	to	12
asleep	on	the	12
ate	all	the	12
aware	of	the	11
away	by	the	11
away	from	the	12
back	from	the	11
back	in	the	12
back	into	the	12
back	of	the	12
back	to	his	11
back	to	the	13
banging	on	the	12
be	able	to	15
be	afraid	of	12
be	allowed	to	13
be	ashamed	of	13
be	at	the	12
be	aware	of	12
be	better	if	11
be	careful	not	12
be	difficult	to	13
be	easy	to	12
be	fun	to	12
be	glad	to	12
be	happy	to	12
be	hard	to	13
be	interested	in	13
be	kind	to	12
be	late	for	13
be	mindful	of	13
be	nice	to	12
be	on	the	11
be	out	of	12
be	part	of	13
be	possible	to	12
be	prepared	for	12
be	proud	of	13
be	sure	to	12
be	waiting	for	12
be	willing	to	13
be	wise	to	12
be	with	you	12
because	he	was	11
because	it	was	12
because	of	the	13
been	able	to	14
been	asked	to	12
been	dead	for	12
been	here	for	11
been	looking	for	13
been	to	the	11
been	trying	to	13
been	waiting	for	13
been	wanting	to	12
before	going	to	13
before	it's	too	12
beginning	of	the	11
being	able	to	13
benedito	and	his	12
benedito's	restaurant	has	12
benedito's	salad	is	12
benedito's	spa	has	12
best	not	to	13
best	way	to	13
better	if	you	12
better	things	to	13
better	way	to	13
between	the	two	12
between	these	two	12
between	you	and	12
big	fan	of	12
bite	to	eat	12
body	in	the	12
book	on	the	12
books	do	you	13
books	on	the	12
both	of	us	11
bottom	of	the	12
bought	a	new	12
bring	myself	to	12
brother	in	law	12
busy	right	now	13
but	no	one	12
buy	a	new	12
buy	one	of	12
by	far	the	12
by	means	of	13
came	here	to	12
came	into	the	12
came	out	of	13
came	to	the	11
can	count	on	12
can	do	it	11
can	help	you	11
can	it	be	12
can	lead	to	13
can	teach	you	12
can't	afford	to	13
can't	believe	you	11
can't	figure	out	12
can't	seem	to	13
can't	tell	you	12
can't	think	of	12
can't	wait	to	12
care	not	to	12
careful	not	to	14
caught	sight	of	13
cause	of	the	11
center	of	the	12
chance	to	do	12
changed	a	lot	12
children	in	the	12
choice	but	to	14
close	to	the	12
closer	to	the	12
coffee	in	the	12
come	and	see	11
come	to	the	12
come	with	me	12
come	with	us	12
coming	from	the	12
coming	out	of	12
coming	to	the	11
completely	out	of	13
considered	to	be	12
corner	of	the	13
cost	a	lot	12
countries	in	the	12
country	in	the	12
cup	of	tea	12
damage	to	the	12
day	by	day	12
day	do	you	12
day	of	the	12
decided	not	to	14
deeper	into	the	12
did	you	get	12
didn't	go	to	12
didn't	have	to	12
didn't	intend	to	12
didn't	know	you	12
didn't	mean	to	13
didn't	need	to	13
didn't	seem	to	12
didn't	show	up	12
didn't	try	to	12
didn't	want	to	15
died	in	the	11
different	kinds	of	12
different	types	of	13
difficult	for	me	12
difficult	to	do	11
direction	of	the	12
disappeared	into	the	12
do	if	you	11
do	that	by	12
do	that	for	12
do	what	you	12
doesn't	have	to	11
doesn't	listen	to	12
doesn't	need	to	12
doesn't	seem	to	12
doesn't	want	to	14
dog	in	the	12
don't	ask	me	12
don't	be	so	11
don't	forget	to	14
don't	have	any	12
don't	have	to	13
don't	hesitate	to	13
don't	intend	to	13
don't	know	how	12
don't	like	to	11
don't	listen	to	13
don't	make	me	11
don't	need	to	13
don't	plan	to	12
don't	seem	to	13
don't	talk	to	12
don't	tell	me	12
don't	try	to	13
don't	want	to	15
don't	we	go	11
door	to	the	11
down	from	the	11
down	in	the	11
down	next	to	12
down	on	the	12
down	to	the	12
dream	is	to	12
drive	a	car	12
dropped	out	of	12
drove	to	the	12
due	to	the	12
early	in	the	13
earth	did	you	12
edge	of	the	13
eight	in	the	12
else	do	you	12
else	in	the	12
end	of	the	14
enough	food	for	12
enough	money	to	13
enough	time	to	13
even	try	to	12
even	want	to	12
ever	going	to	13
ever	happened	to	12
ever	want	to	12
every	now	and	13
every	other	day	12
everyone	in	the	12
everyone	wants	to	12
exactly	did	you	12
exactly	do	you	13
expect	me	to	13
expect	you	to	12
explain	it	to	12
explain	to	me	12
famous	for	its	12
far	as	the	11
far	is	it	12
father	used	to	13
favorite	kind	of	13
favorite	way	to	13
feel	free	to	13
feel	sorry	for	13
fell	from	the	12
fell	into	the	12
fell	off	the	12
fell	out	of	12
fell	to	the	12
felt	sorry	for	13
figure	it	out	13
figure	this	out	13
find	a	way	11
fire	broke	out	13
first	of	all	12
first	one	to	12
flowers	in	the	12
food	in	the	12
foot	of	the	12
for	half	an	12
for	helping	me	12
for	him	to	12
for	lack	of	13
for	me	to	14
for	someone	to	11
for	us	to	14
for	you	to	13
force	you	to	12
found	in	the	11
from	head	to	12
from	here	to	12
from	now	on	13
from	time	to	14
front	of	the	13
gave	birth	to	13
gave	it	to	12
get	back	to	12
get	involved	in	12
get	on	the	11
get	out	of	14
get	ready	for	11
get	rid	of	14
get	something	to	12
get	tired	of	12
get	to	the	12
get	used	to	14
getting	out	of	13
getting	ready	for	12
getting	ready	to	12
getting	rid	of	12
getting	tired	of	12
getting	used	to	13
give	in	to	12
give	it	to	12
give	this	to	12
go	ahead	and	13
go	back	to	13
go	into	the	11
go	talk	to	13
go	there	by	12
go	to	bed	12
go	to	the	14
go	with	you	11
goal	is	to	12
goes	to	the	12
going	back	to	12
going	to	be	13
going	to	do	12
going	to	the	12
good	care	of	13
good	idea	to	12
good	on	you	12
good	place	to	13
good	use	of	12
good	way	to	13
got	into	the	11
got	lost	in	12
got	nothing	to	12
got	off	the	12
got	on	the	12
got	out	of	14
got	rid	of	13
got	stuck	in	12
got	tired	of	12
got	used	to	13
gotten	used	to	13
great	deal	of	12
great	way	to	12
grew	up	in	12
had	enough	of	11
had	nothing	to	12
had	plenty	of	12
had	time	to	12
had	to	do	12
half	of	the	12
happened	to	me	11
happy	to	see	11
hard	for	me	12
has	his	own	11
has	lots	of	13
has	nothing	to	13
has	plenty	of	12
has	their	own	12
has	to	be	12
has	told	me	12
have	a	lot	12
have	access	to	13
have	all	the	11
have	anything	to	13
have	faith	in	12
have	lots	of	13
have	nothing	to	13
have	plenty	of	13
have	something	to	12
have	time	for	11
have	time	to	13
have	to	be	12
have	to	do	13
have	to	go	12
he	admitted	he	11
he	asked	me	12
he	began	to	12
he	came	to	11
he	decided	to	13
he	did	not	12
he	does	not	12
he	ended	up	12
he	entered	the	12
he	forgot	to	12
he	gave	me	12
he	goes	to	12
he	going	to	12
he	had	to	12
he	is	not	12
he	knows	how	11
he	left	his	11
he	left	the	11
he	likes	to	12
he	lives	in	12
he	lost	his	12
he	managed	to	13
he	must	be	12
he	needed	to	12
he	needs	to	13
he	opened	the	12
he	ought	to	13
he	picked	up	12
he	plans	to	12
he	put	his	12
he	refused	to	13
he	refuses	to	13
he	said	he	13
he	says	he	13
he	seems	to	12
he	tends	to	12
he	thought	he	11
he	told	me	14
he	tried	to	14
he	used	to	13
he	want	to	12
he	wanted	to	14
he	wants	to	14
he	went	to	12
he	woke	up	12
he'd	like	to	12
he's	afraid	of	12
he's	going	to	14
he's	good	at	12
he's	looking	for	12
he's	trying	to	13
headed	to	the	12
hell	out	of	12
help	if	you	12
help	yourself	to	13
her	in	the	11
her	not	to	13
her	on	the	12
her	out	of	12
here	in	the	12
hid	in	the	12
him	at	the	11
him	in	the	12
him	not	to	13
him	on	the	12
him	out	of	12
him	when	he	12
himself	in	the	11
his	best	to	11
his	or	her	12
his	way	to	11
hole	in	the	12
home	all	day	12
hope	no	one	13
hope	that	you	11
hope	we	can	11
hours	a	day	13
how	are	you	12
how	can	we	12
how	can	you	13
how	could	you	12
how	dare	you	13
how	did	you	14
how	do	you	15
how	far	is	11
how	often	do	14
how	old	is	12
how	to	do	12
how	would	you	13
hurt	in	the	12
i	advise	you	13
i	am	not	12
i	apologize	for	12
i	asked	him	11
i	assure	you	12
i	began	to	12
i	decided	to	13
i	did	not	12
i	do	not	13
i	find	it	11
i	forgot	to	13
i	go	to	12
i	grew	up	13
i	had	to	12
i	have	no	12
i	have	to	13
i	hope	you	12
i	intend	to	14
i	kind	of	13
i	knew	you	11
i	know	you	12
i	left	my	12
i	like	to	12
i	listen	to	12
i	listened	to	12
i	live	in	12
i	lost	my	12
i	managed	to	13
i	met	him	11
i	need	to	14
i	opened	the	12
i	ought	to	12
i	plan	to	13
i	prefer	to	11
i	refuse	to	13
i	seem	to	13
i	spent	the	12
i	suggest	you	12
i	tend	to	12
i	thank	you	12
i	think	we	12
i	think	you	12
i	thought	you	13
i	told	you	12
i	tried	to	14
i	try	to	13
i	used	to	14
i	waited	for	12
i	want	to	15
i	want	you	12
i	wanted	to	14
i	went	to	13
i	wish	you	12
i	woke	up	13
i	won't	be	12
i	wonder	if	12
i'd	advise	you	12
i'd	like	to	15
i'd	love	to	13
i'll	call	you	12
i'll	give	you	13
i'll	have	to	12
i'll	help	you	13
i'll	lend	you	12
i'll	let	you	13
i'll	meet	you	12
i'll	see	you	12
i'll	show	you	13
i'll	teach	you	12
i'll	tell	you	12
i'll	try	to	13
i'm	about	to	12
i'm	allergic	to	13
i'm	beginning	to	13
i'm	fed	up	13
i'm	glad	you	11
i'm	going	to	15
i'm	good	at	12
i'm	here	to	12
i'm	interested	in	13
i'm	kind	of	13
i'm	looking	for	13
i'm	one	of	12
i'm	out	of	12
i'm	planning	to	12
i'm	proud	of	12
i'm	ready	to	12
i'm	sick	of	12
i'm	starting	to	13
i'm	supposed	to	13
i'm	the	one	12
i'm	tired	of	14
i'm	trying	to	14
i'm	used	to	13
i'm	waiting	for	13
i'm	willing	to	13
i've	come	to	12
i've	decided	to	13
i've	got	to	12
i've	told	you	12
idea	to	do	11
if	you're	not	11
important	part	of	12
important	role	in	12
in	addition	to	12
in	case	of	12
in	charge	of	12
in	favor	of	13
in	front	of	15
in	need	of	12
in	order	to	14
in	search	of	13
in	spite	of	14
in	store	for	12
in	terms	of	13
in	through	the	12
in	time	for	12
in	vain	to	12
injured	in	the	12
introduce	me	to	12
introduce	you	to	13
invited	me	to	12
is	able	to	13
is	about	to	12
is	afraid	of	13
is	anything	but	12
is	apt	to	12
is	at	the	11
is	bad	for	12
is	based	on	13
is	beginning	to	13
is	bound	to	12
is	capable	of	13
is	close	to	12
is	composed	of	12
is	difficult	to	13
is	easy	to	13
is	equal	to	13
is	essential	for	11
is	expected	to	12
is	famous	for	13
is	fond	of	12
is	full	of	14
is	going	to	14
is	good	for	12
is	hard	to	12
is	important	to	12
is	impossible	to	12
is	in	the	13
is	interested	in	13
is	kind	of	12
is	known	for	12
is	likely	to	13
is	listening	to	12
is	looking	for	12
is	made	of	12
is	near	the	12
is	next	to	12
is	on	the	13
is	one	of	14
is	out	of	13
is	part	of	13
is	proud	of	13
is	ready	to	12
is	responsible	for	13
is	said	to	12
is	similar	to	13
is	starting	to	13
is	subject	to	12
is	supposed	to	13
is	surrounded	by	13
is	there	any	11
is	trying	to	13
is	unable	to	13
is	up	to	12
is	used	to	12
is	waiting	for	13
isn't	easy	to	12
isn't	going	to	14
isn't	likely	to	13
isn't	supposed	to	13
it	back	to	11
it	began	to	13
it	can	be	12
it	can't	be	12
it	comes	to	13
it	could	be	12
it	depends	on	13
it	difficult	to	13
it	does	not	12
it	going	to	12
it	hard	to	13
it	if	you	12
it	in	the	12
it	is	not	12
it	may	be	11
it	might	be	12
it	must	be	13
it	on	the	11
it	or	not	13
it	out	of	11
it	possible	to	12
it	safe	to	12
it	should	be	13
it	started	to	11
it	take	to	12
it	take	you	11
it	that	way	12
it	this	way	12
it	to	me	11
it	to	the	11
it	took	me	12
it	turned	out	12
it	used	to	14
it	will	be	12
it	won't	be	12
it	would	be	14
it	wouldn't	be	12
it's	best	to	12
it's	better	to	12
it's	dangerous	to	12
it's	difficult	to	13
it's	easier	to	12
it's	easy	to	13
it's	fun	to	12
it's	going	to	15
it's	good	to	12
it's	hard	to	14
it's	important	to	13
it's	impossible	to	12
it's	kind	of	13
it's	nice	to	12
it's	one	of	12
it's	safe	to	12
it's	starting	to	12
it's	supposed	to	13
it's	time	for	12
it's	time	to	13
it's	up	to	13
job	is	to	12
jumped	into	the	12
jumped	out	of	13
just	about	to	12
just	around	the	12
just	going	to	13
just	have	to	13
just	let	me	11
just	need	to	12
just	tell	me	12
just	trying	to	14
just	want	to	13
just	wanted	to	13
keep	an	eye	13
keys	on	the	12
kicked	out	of	13
killed	in	the	12
kind	as	to	12
kind	enough	to	13
knew	how	to	13
knew	it	was	12
knock	on	the	12
knocked	on	the	13
knocking	on	the	12
know	a	lot	11
know	how	to	14
know	that	you	13
know	what	to	12
know	why	you	11
knows	how	to	14
language	do	you	12
large	amount	of	13
large	number	of	13
last	one	to	12
last	time	you	14
layla	wanted	to	12
leader	of	the	12
learn	how	to	14
learned	a	lot	12
learned	how	to	13
learning	how	to	13
left	in	the	12
let	go	of	13
let's	find	out	11
let's	try	to	12
life	would	be	12
light	in	the	12
like	going	to	12
like	he	was	13
like	listening	to	13
like	me	to	13
like	she	was	13
like	you	to	12
likely	to	be	11
listen	to	me	11
listened	to	the	11
listening	to	the	11
live	in	the	12
live	up	to	13
lives	in	the	11
living	in	the	11
long	are	you	12
long	as	you	12
long	did	it	12
long	do	you	13
long	does	it	13
long	have	you	14
long	time	ago	12
long	time	to	11
long	were	you	12
look	at	the	12
look	down	on	12
look	forward	to	13
looked	as	if	12
looked	at	the	12
looked	like	he	11
looked	like	you	11
looked	out	the	12
looking	forward	to	14
looks	as	if	12
lost	in	the	12
lost	sight	of	12
lying	on	the	13
made	fun	of	13
made	out	of	12
make	fun	of	13
make	sure	you	12
make	use	of	13
making	fun	of	13
man	in	the	12
many	kinds	of	12
many	of	the	11
matter	to	me	12
may	not	be	12
me	are	you	12
me	aren't	you	13
me	give	you	13
me	he	was	12
me	help	you	12
me	how	to	13
me	if	you	12
me	in	the	12
me	not	to	13
me	on	the	12
me	out	of	12
me	she	was	12
me	show	you	13
me	something	to	11
me	talk	to	12
me	tell	you	13
me	that	he	12
me	that	she	12
me	to	do	12
me	want	to	13
me	what	you	12
me	when	you	11
me	why	you	12
means	a	lot	12
member	of	the	12
members	of	the	12
mennad	needs	to	12
mennad	wanted	to	13
middle	of	the	13
might	not	be	12
might	want	to	13
mind	telling	me	12
money	can't	buy	12
money	did	you	12
money	do	you	13
money	in	the	11
money	to	buy	12
more	likely	to	12
most	of	the	12
mother	in	law	12
much	as	you	11
much	did	you	12
much	do	you	13
music	do	you	13
my	brother	is	11
my	father	is	12
my	hobby	is	13
my	house	is	12
my	mother	is	11
my	sister	is	11
my	turn	to	12
name	of	the	12
name	on	the	12
need	me	to	12
need	someone	to	12
need	to	be	12
need	to	do	12
need	to	get	12
need	you	to	13
needed	to	do	12
needs	to	be	12
never	give	up	12
never	going	to	13
never	occurred	to	13
never	seem	to	13
never	told	me	12
never	want	to	13
never	wanted	to	12
new	pair	of	13
next	to	the	12
nice	of	you	13
no	choice	but	13
no	desire	to	13
no	intention	of	13
no	match	for	12
no	matter	how	12
no	need	to	13
no	point	in	13
no	reason	to	13
no	right	to	13
no	sign	of	13
no	sooner	had	12
no	time	to	12
no	way	to	11
nobody	wanted	to	13
nobody	wants	to	13
not	able	to	13
not	accustomed	to	12
not	afraid	of	13
not	allowed	to	13
not	at	all	12
not	easy	to	13
not	going	to	15
not	good	at	11
not	in	the	12
not	interested	in	14
not	likely	to	13
not	on	the	11
not	possible	to	12
not	proud	of	12
not	ready	to	12
not	supposed	to	14
not	to	do	12
not	trying	to	13
not	used	to	14
not	want	to	13
not	willing	to	13
nothing	left	to	12
nothing	to	do	12
now	isn't	he	11
o'clock	in	the	13
occurred	to	me	12
of	all	the	11
of	thousands	of	13
of	work	to	11
of	you	to	12
off	at	the	12
off	in	the	11
often	do	you	14
oil	and	gas	12
old	enough	to	14
old	were	you	12
older	than	me	11
on	account	of	13
on	behalf	of	13
on	top	of	14
once	and	for	12
one	by	one	13
one	in	the	11
one	of	my	12
one	of	the	13
one	seems	to	12
one	wants	to	13
one's	going	to	12
only	a	few	12
only	going	to	12
only	one	who	13
only	person	who	12
only	way	to	12
or	are	you	12
other	side	of	14
ought	not	to	12
ought	to	do	11
out	how	to	13
out	in	the	12
out	into	the	12
out	of	the	13
out	on	the	11
out	to	be	12
over	to	the	11
pain	in	my	11
parked	his	car	12
part	in	the	12
part	of	the	13
part	time	job	11
parts	of	the	12
pass	me	the	13
pay	attention	to	13
people	at	the	12
people	in	the	13
people	on	the	12
people	tend	to	13
people	used	to	12
people	want	to	12
permission	to	do	11
permitted	to	do	12
person	in	the	12
pick	him	up	13
pick	it	up	12
pick	me	up	13
pick	you	up	13
picked	up	the	11
place	at	the	12
place	in	the	12
plan	to	do	11
planning	to	do	12
play	hide	and	12
play	in	the	12
playing	in	the	13
playing	on	the	12
please	call	me	12
please	close	the	12
please	give	me	13
please	help	me	12
please	lend	me	12
please	let	me	13
please	show	me	13
please	tell	me	14
prefer	not	to	13
present	at	the	12
pretend	to	be	12
pretended	not	to	13
pretended	to	be	12
pretending	to	be	12
probably	going	to	13
promise	not	to	13
promised	not	to	13
proved	to	be	13
put	an	end	12
put	out	the	12
put	sugar	in	12
quit	her	job	12
quit	his	job	13
ran	back	to	12
ran	down	the	12
ran	into	the	11
ran	out	of	13
ran	to	the	12
read	between	the	12
ready	to	go	11
really	going	to	13
really	have	to	12
really	need	to	13
really	proud	of	12
really	want	to	14
really	wanted	to	13
really	wants	to	12
reason	not	to	12
reminds	me	of	13
rest	of	the	12
returned	to	the	12
right	at	the	12
right	next	to	12
right	thing	to	12
run	out	of	13
run	over	by	12
running	out	of	13
rushed	to	the	12
said	he	was	12
said	it	was	11
said	she	was	12
said	that	he	13
said	that	she	12
said	to	be	11
same	age	as	13
sami	and	his	12
sami	decided	to	13
sami	ended	up	12
sami	grew	up	12
sami	lived	in	12
sami	lives	in	12
sami	lost	his	12
sami	needed	to	12
sami	needs	to	13
sami	put	the	12
sami	tried	to	13
sami	used	to	12
sami	wanted	to	14
sami	wants	to	13
sami	went	to	13
sami	woke	up	12
sami's	body	was	12
sat	at	the	12
sat	in	the	12
sat	next	to	13
sat	on	the	12
satisfied	with	the	11
say	goodbye	to	12
say	hello	to	13
say	no	to	12
say	thank	you	13
scene	of	the	12
see	in	the	12
see	to	it	12
seem	to	be	13
seemed	to	be	12
seems	to	be	13
seen	in	the	12
set	fire	to	13
she	admitted	she	12
she	advised	him	13
she	asked	him	11
she	asked	me	11
she	began	to	12
she	decided	to	13
she	did	not	11
she	does	not	12
she	gave	me	11
she	goes	to	12
she	had	to	11
she	likes	to	11
she	lost	her	12
she	managed	to	13
she	needs	to	12
she	ought	to	13
she	put	her	12
she	refused	to	13
she	said	she	13
she	says	she	13
she	seems	to	12
she	told	me	14
she	tried	to	13
she	used	to	13
she	want	to	12
she	wanted	to	13
she	wants	to	14
she	went	to	12
she's	going	to	13
she's	good	at	12
she's	trying	to	12
should	talk	to	12
should	try	to	12
show	it	to	12
show	you	how	11
side	of	the	14
singing	in	the	12
sit	in	the	13
sit	next	to	13
sit	on	the	12
sitting	at	the	11
sitting	in	the	12
sitting	next	to	13
sitting	on	the	13
six	in	the	13
sleep	on	the	11
sleeping	on	the	12
slept	on	the	12
so	as	not	11
so	as	to	11
so	easy	to	12
so	kind	as	12
so	nice	to	12
so	proud	of	12
some	fresh	air	12
some	kind	of	14
some	of	the	12
some	sort	of	13
someone	stole	my	12
something	in	the	11
something	to	eat	12
sort	it	out	12
speak	ill	of	13
spend	a	lot	12
spends	a	lot	12
spent	a	lot	12
spent	most	of	12
standing	at	the	13
standing	in	the	12
standing	on	the	12
stars	in	the	12
stay	out	of	13
stayed	in	the	11
stepped	out	of	12
still	looking	for	12
still	need	to	12
still	on	the	11
still	trying	to	13
still	waiting	for	12
still	want	to	12
stormed	out	of	12
straight	to	the	11
strong	enough	to	13
stuck	in	the	12
such	thing	as	13
suggest	that	you	12
suggested	that	we	12
supposed	to	be	12
supposed	to	do	12
sure	this	is	12
surface	of	the	12
surprised	at	the	12
surprised	to	see	11
swim	across	the	12
swim	in	the	12
swimming	in	the	13
t	want	to	13
take	advantage	of	13
take	care	of	15
take	me	to	11
take	out	the	12
take	part	in	13
take	you	to	12
taken	care	of	13
taken	to	the	11
takes	care	of	13
taking	care	of	14
talk	about	it	12
talk	to	her	12
talk	to	him	12
talk	to	me	11
talk	to	you	12
teach	me	how	12
teach	you	how	11
tempted	to	do	12
than	that	one	12
thank	you	for	14
that	aren't	you	13
that	can	be	11
that	can't	be	12
that	did	you	12
that	do	you	12
that	don't	you	12
that	every	day	11
that	for	me	11
that	for	you	12
that	he	was	13
that	if	you	12
that	in	the	11
that	it	was	12
that	kind	of	14
that	might	be	11
that	must	be	12
that	need	to	12
that	needs	to	13
that	no	one	13
that	or	not	13
that	part	of	12
that	right	now	13
that	she	was	13
that	sort	of	13
that	supposed	to	13
that	that	was	11
that	this	is	12
that	type	of	12
that	what	you	12
that	would	be	13
that	you'd	be	11
that's	going	to	14
that's	kind	of	12
the	ability	to	13
the	absence	of	13
the	age	of	14
the	amount	of	12
the	art	of	12
the	back	of	12
the	basis	of	12
the	beauty	of	12
the	beginning	of	13
the	bottom	of	13
the	brink	of	12
the	cat	is	11
the	cause	of	13
the	center	of	13
the	centre	of	13
the	chance	to	13
the	children	are	11
the	color	of	12
the	concept	of	12
the	cost	of	13
the	courage	to	13
the	course	of	12
the	death	of	12
the	development	of	12
the	direction	of	12
the	edge	of	13
the	effects	of	12
the	end	of	14
the	essence	of	12
the	existence	of	13
the	face	of	13
the	fear	of	12
the	foot	of	12
the	foundation	of	12
the	habit	of	13
the	hands	of	12
the	head	of	12
the	history	of	12
the	idea	of	12
the	impact	of	12
the	importance	of	13
the	key	to	12
the	kind	of	13
the	lack	of	13
the	leader	of	12
the	length	of	12
the	life	of	12
the	lives	of	13
the	loss	of	12
the	love	of	12
the	majority	of	12
the	meaning	of	13
the	mercy	of	12
the	middle	of	14
the	midst	of	12
the	naked	eye	12
the	name	of	14
the	names	of	12
the	need	to	12
the	number	of	13
the	old	man	12
the	one	who	14
the	ones	who	12
the	only	one	13
the	opportunity	to	12
the	opposite	of	11
the	owner	of	13
the	parking	lot	13
the	point	of	12
the	possibility	of	12
the	power	of	11
the	presence	of	13
the	price	of	12
the	problem	is	12
the	process	of	12
the	purpose	of	13
the	quality	of	12
the	question	is	12
the	rest	of	14
the	result	of	12
the	right	to	12
the	risk	of	13
the	role	of	12
the	sake	of	13
the	scent	of	13
the	shape	of	12
the	side	of	13
the	sight	of	13
the	situation	is	11
the	size	of	13
the	smell	of	13
the	sound	of	13
the	source	of	12
the	spread	of	13
the	start	of	13
the	study	of	12
the	sum	of	12
the	sun	is	11
the	surface	of	12
the	taste	of	12
the	thought	of	12
the	time	to	11
the	tip	of	12
the	title	of	12
the	top	of	13
the	two	of	11
the	type	of	12
the	urge	to	13
the	use	of	13
the	value	of	13
the	verge	of	13
the	warmth	of	12
the	way	to	12
the	way	you	12
the	weather	is	12
the	weight	of	13
the	world	is	12
their	job	is	12
them	not	to	12
there	are	no	12
there	can	be	12
there	is	no	13
there	may	be	12
there	must	be	13
there	seems	to	13
there	should	be	13
there	used	to	13
there	was	no	12
there	were	no	11
there	will	be	13
there	won't	be	12
there	would	be	13
there's	only	one	12
these	figs	are	12
these	kinds	of	13
they	agreed	to	12
they	decided	to	13
they	did	not	11
they	going	to	13
they	had	to	11
they	live	in	12
they	need	to	12
they	ought	to	13
they	plan	to	12
they	refused	to	13
they	told	me	15
they	tried	to	13
they	used	to	13
they	want	to	13
they	wanted	to	13
they	went	to	11
they'd	like	to	12
they're	going	to	14
they're	trying	to	13
thing	to	do	13
things	do	you	12
things	to	do	12
things	turned	out	13
think	about	it	12
think	it'll	be	12
think	that	we	12
think	that	you	12
think	this	is	13
think	you	can	11
think	you'd	be	11
thirteen	years	old	12
this	book	is	12
this	building	is	11
this	car	is	11
this	dog	is	11
this	for	me	11
this	going	to	12
this	house	is	11
this	is	my	12
this	is	the	12
this	kind	of	14
this	man	is	11
this	movie	is	12
this	must	be	12
this	one	is	11
this	part	of	13
this	place	is	12
this	right	now	12
this	sort	of	13
this	time	of	11
this	type	of	13
those	kinds	of	13
thought	he	was	12
thought	it	was	13
thought	she	was	11
thought	that	you	13
three	hours	to	11
three	years	ago	12
time	are	you	12
time	did	you	12
time	do	you	14
time	does	the	12
time	for	me	11
time	that	you	11
time	to	do	12
times	a	day	12
times	have	you	12
to	an	end	11
to	ask	you	12
to	attend	the	11
to	call	the	11
to	catch	the	12
to	clean	the	11
to	close	the	12
to	cross	the	12
to	do	it	12
to	enter	the	12
to	figure	out	13
to	find	out	12
to	finish	the	11
to	fix	the	11
to	focus	on	13
to	get	to	12
to	give	up	12
to	go	to	13
to	hang	out	12
to	help	her	12
to	help	him	12
to	help	me	12
to	help	us	11
to	help	you	12
to	join	the	11
to	learn	how	12
to	learn	to	11
to	leave	the	12
to	listen	to	14
to	live	in	12
to	lock	the	12
to	look	at	12
to	meet	you	12
to	open	the	12
to	participate	in	12
to	pass	the	12
to	pay	for	11
to	pick	up	12
to	play	the	12
to	reply	to	12
to	respond	to	12
to	return	to	11
to	see	me	11
to	see	the	12
to	see	you	12
to	seeing	you	12
to	show	you	11
to	solve	the	12
to	speak	to	12
to	spend	the	11
to	talk	to	14
to	tell	me	12
to	tell	you	12
to	thank	you	12
to	try	to	12
to	use	the	12
to	wait	for	12
to	wake	up	12
to	want	to	12
to	win	the	11
told	him	to	11
told	me	he	12
told	me	she	12
told	not	to	13
told	to	do	12
tom's	house	is	12
tomorrow	will	be	12
too	big	for	12
too	busy	to	12
too	close	to	12
too	difficult	for	12
too	drunk	to	12
too	early	to	12
too	good	to	12
too	late	to	13
too	old	to	12
too	scared	to	13
too	shy	to	13
too	small	for	12
too	tired	to	13
too	weak	to	12
too	young	to	13
took	advantage	of	13
took	care	of	13
took	off	his	11
took	part	in	13
top	of	the	13
tried	not	to	13
trip	to	the	12
try	not	to	14
try	to	do	11
trying	not	to	13
turn	off	the	13
turn	on	the	13
turned	off	the	12
turned	on	the	12
turned	out	to	13
umbrella	on	the	13
up	at	the	12
up	in	the	12
up	on	the	11
up	to	the	12
urgent	need	for	12
us	to	do	12
used	to	be	13
very	difficult	to	12
very	easy	to	13
very	fond	of	13
very	good	at	12
very	hard	to	12
very	important	to	12
very	interested	in	13
very	much	for	11
very	proud	of	13
view	of	the	12
wait	and	see	13
waiting	at	the	12
waiting	for	the	11
waiting	for	you	12
waiting	in	the	12
wake	him	up	12
wake	me	up	13
walk	in	the	13
walk	on	the	12
walk	to	the	11
walked	around	the	12
walked	back	to	12
walked	down	the	12
walked	into	the	13
walked	out	of	12
walked	through	the	12
walked	to	the	12
walked	towards	the	12
walking	along	the	12
walking	down	the	12
walking	in	the	12
want	anyone	to	12
want	her	to	13
want	him	to	13
want	me	to	15
want	people	to	12
want	them	to	13
want	to	be	12
want	to	do	12
want	to	go	12
want	us	to	14
want	you	to	15
wanted	him	to	13
wanted	me	to	14
wanted	to	be	12
wanted	us	to	12
wanted	you	to	13
wants	me	to	13
wants	you	to	13
was	able	to	14
was	about	to	14
was	accused	of	13
was	afraid	of	12
was	allowed	to	12
was	asked	to	12
was	at	the	12
was	attacked	by	12
was	beginning	to	12
was	bitten	by	13
was	born	in	11
was	caused	by	12
was	covered	in	12
was	determined	to	12
was	dressed	in	12
was	eager	to	12
was	forced	to	13
was	full	of	13
was	going	on	12
was	going	to	14
was	happy	to	11
was	hard	to	11
was	hit	by	12
was	in	the	13
was	inside	the	13
was	interested	in	13
was	involved	in	13
was	kicked	out	12
was	killed	by	11
was	kind	of	12
was	late	for	12
was	listening	to	12
was	looking	for	13
was	on	the	13
was	one	of	13
was	out	of	12
was	part	of	12
was	proud	of	12
was	ready	to	13
was	searching	for	12
was	sent	to	12
was	sentenced	to	13
was	sitting	in	11
was	sitting	on	11
was	staring	at	12
was	starting	to	13
was	stuck	in	12
was	supposed	to	14
was	surrounded	by	13
was	taken	to	11
was	talking	to	12
was	time	to	12
was	trying	to	14
was	unable	to	13
was	used	to	12
was	waiting	for	12
was	willing	to	13
wasn't	able	to	14
wasn't	allowed	to	13
wasn't	going	to	13
wasn't	interested	in	12
wasn't	me	who	12
wasn't	supposed	to	13
wasn't	trying	to	12
watch	out	for	13
water	from	the	12
water	in	the	12
way	out	of	13
way	through	the	12
way	to	do	11
way	to	the	12
we	can	do	12
we	could	do	11
we	decided	to	13
we	ended	up	12
we	go	to	11
we	going	to	13
we	had	to	12
we	have	to	13
we	live	in	12
we	managed	to	12
we	need	to	15
we	ought	to	13
we	plan	to	13
we	supposed	to	13
we	tried	to	12
we	used	to	13
we	want	to	13
we	wanted	to	12
we	went	to	12
we	won't	be	11
we'd	like	to	12
we'll	have	to	13
we're	going	to	14
we're	looking	for	12
we're	out	of	13
we're	ready	to	12
we're	supposed	to	13
we're	trying	to	13
we're	waiting	for	12
we've	got	to	12
we've	run	out	12
week	do	you	13
went	back	to	13
went	into	the	12
went	straight	to	12
went	to	the	13
were	able	to	14
were	forced	to	13
were	going	to	14
were	looking	for	12
were	on	the	11
were	supposed	to	14
were	trying	to	13
were	unable	to	13
were	waiting	for	12
weren't	able	to	13
weren't	going	to	13
weren't	supposed	to	13
what	are	the	11
what	are	you	14
what	caused	the	12
what	did	you	14
what	do	you	15
what	happened	to	12
what	have	you	13
what	is	the	12
what	it	is	11
what	kind	of	15
what	kinds	of	13
what	made	you	12
what	makes	you	12
what	needs	to	14
what	shall	we	12
what	should	we	12
what	sort	of	13
what	this	is	12
what	time	do	11
what	to	do	14
what	type	of	13
what	were	you	13
what	will	you	11
what	would	you	13
what's	going	on	13
what's	going	to	12
when	are	you	13
when	did	you	14
when	do	you	13
when	does	the	12
when	he	was	12
when	is	the	12
when	she	was	11
when	was	the	14
when	will	you	12
where	are	the	11
where	are	you	12
where	can	we	12
where	did	he	11
where	did	she	12
where	did	you	14
where	do	you	14
where	have	you	12
where	is	the	13
where	should	we	12
where	there	is	12
where	were	you	13
where	would	you	13
where	you	are	11
whether	or	not	13
which	do	you	13
while	he	was	12
who	are	you	12
who	did	you	12
who	do	you	13
who	taught	you	12
who	told	you	12
who	want	to	12
who	wanted	to	12
who	wants	to	13
who	you	are	12
who's	going	to	14
why	are	you	14
why	aren't	you	13
why	can't	you	12
why	did	you	14
why	didn't	you	14
why	do	you	14
why	don't	we	13
why	don't	you	14
why	have	you	13
why	haven't	you	13
why	were	you	13
why	weren't	you	12
why	won't	you	12
why	would	you	11
wide	range	of	12
will	always	be	12
will	continue	to	12
will	have	to	12
will	help	you	11
will	not	be	12
will	there	be	12
will	you	be	12
willing	to	do	11
won't	have	to	11
won't	let	you	11
work	every	day	12
work	to	do	13
working	in	the	11
would	it	be	12
would	like	to	14
would	love	to	12
would	want	to	13
wouldn't	it	be	13
wouldn't	want	to	13
yanni	decided	to	13
yanni	lives	in	12
yanni	needs	to	13
yanni	tried	to	12
yanni	wanted	to	13
yanni	wants	to	13
yanni	went	to	12
yes	or	no	12
you	able	to	14
you	afraid	of	12
you	asked	me	11
you	at	the	12
you	can	do	12
you	close	the	12
you	could	do	11
you	decide	to	12
you	end	up	13
you	forgot	to	12
you	gave	me	12
you	give	me	13
you	go	to	12
you	going	to	15
you	good	at	13
you	happen	to	13
you	have	any	12
you	have	to	13
you	help	me	13
you	how	to	13
you	if	you	13
you	in	the	11
you	intend	to	13
you	interested	in	13
you	know	how	12
you	lend	me	13
you	let	me	12
you	lied	to	12
you	like	to	13
you	listen	to	13
you	looking	for	12
you	manage	to	12
you	must	be	12
you	need	to	14
you	needed	to	11
you	not	to	12
you	on	the	11
you	open	the	11
you	ought	to	13
you	out	of	12
you	owe	me	12
you	plan	to	13
you	planning	to	12
you	read	the	11
you	ready	to	12
you	right	now	12
you	said	you	12
you	see	the	12
you	seem	to	13
you	should	be	12
you	show	me	13
you	supposed	to	12
you	sure	you	12
you	talk	to	12
you	talked	to	12
you	teach	me	12
you	tell	me	13
you	telling	me	12
you	think	you	12
you	to	do	12
you	told	me	12
you	try	to	11
you	trying	to	14
you	used	to	13
you	waiting	for	12
you	want	me	12
you	want	to	15
you	wanted	to	13
you	went	to	11
you	when	you	12
you	will	be	11
you	willing	to	13
you	won't	be	12
you'd	like	to	12
you'd	tell	me	12
you'd	want	to	12
you'll	end	up	12
you'll	have	to	13
you're	going	to	14
you're	looking	for	13
you're	out	of	12
you're	planning	to	12
you're	supposed	to	14
you're	the	one	12
you're	trying	to	13
you're	welcome	to	12
you've	got	to	12
ziri	and	his	12
ziri	cleaned	the	12
ziri	continued	to	12
ziri	decided	to	13
ziri	ended	up	12
ziri	entered	the	12
ziri	left	the	12
ziri	lives	in	12
ziri	managed	to	13
ziri	needs	to	13
ziri	put	the	11
ziri	tried	to	13
ziri	wanted	to	14
ziri	wants	to	13
ziri	went	to	12
ziri	woke	up	12
